ticker,company,gics_sector,gics_sub_industry,coverage_status,deal_status,hold_reason,hold_refs
MMM,3M,Industrials,Industrial Conglomerates,Published,,,
AOS,A. O. Smith,Industrials,Building Products,Published,,,
AAON,AAON,Industrials,Building Products,Published,,,
ABT,Abbott Laboratories,Health Care,Health Care Equipment,Published,,,
ABBV,AbbVie,Health Care,Biotechnology,Published,,,
ANF,Abercrombie & Fitch,Consumer Discretionary,Apparel Retail,Published,,,
ACN,Accenture,Information Technology,IT Consulting & Other Services,Published,,,
AYI,Acuity Brands,Industrials,Electrical Components & Equipment,Published,,,
ADBE,Adobe Inc.,Information Technology,Application Software,Published,,,
WMS,Advanced Drainage Systems,Industrials,Building Products,Published,,,
AEIS,Advanced Energy,Information Technology,Semiconductor Materials & Equipment,Published,,,
AMD,Advanced Micro Devices,Information Technology,Semiconductors,Published,,,
ACM,AECOM,Industrials,Construction & Engineering,Published,,,
AVAV,AeroVironment,Industrials,Aerospace & Defense,Published,,,
AES,AES Corporation,Utilities,Independent Power Producers & Energy Traders,Published - rating suspended,pending,"pending acquisition by Global Infrastructure Partners / BlackRock (Horizon Parent, L.P.) ($15 cash)",
AMG,Affiliated Managers Group,Financials,Asset Management & Custody Banks,Published,,,
AFL,Aflac,Financials,Life & Health Insurance,Published,,,
AGCO,AGCO,Industrials,Agricultural & Farm Machinery,Published,,,
A,Agilent Technologies,Health Care,Life Sciences Tools & Services,Published,,,
ADC,Agree Realty,Real Estate,Retail REITs,Published,,,
APD,Air Products,Materials,Industrial Gases,Published,,,
ABNB,Airbnb,Consumer Discretionary,"Hotels, Resorts & Cruise Lines",Published,,,
AKAM,Akamai Technologies,Information Technology,Internet Services & Infrastructure,Published,,,
ALK,Alaska Air Group,Industrials,Passenger Airlines,Published,,,
ALB,Albemarle Corporation,Materials,Specialty Chemicals,Published,,,
AA,Alcoa,Materials,Aluminum,Published,,,
ARE,Alexandria Real Estate Equities,Real Estate,Office REITs,Published,,,
ALGN,Align Technology,Health Care,Health Care Supplies,Published,,,
ALLE,Allegion,Industrials,Building Products,Published,,,
ALGM,Allegro MicroSystems,Information Technology,Semiconductors,Published,,,
LNT,Alliant Energy,Utilities,Electric Utilities,Published,,,
ALSN,Allison Transmission,Industrials,Construction Machinery & Heavy Transportation Equipment,Published,,,
ALL,Allstate,Financials,Property & Casualty Insurance,Published,,,
ALLY,Ally Financial,Financials,Consumer Finance,Published,,,
GOOGL,Alphabet Inc. (Class A),Communication Services,Interactive Media & Services,Published,,,
MO,Altria,Consumer Staples,Tobacco,Published,,,
AMZN,Amazon,Consumer Discretionary,Broadline Retail,Published,,,
AMCR,Amcor,Materials,Paper & Plastic Packaging Products & Materials,Published,,,
AEE,Ameren,Utilities,Multi-Utilities,Published,,,
AAL,American Airlines Group,Industrials,Passenger Airlines,Published,,,
AEP,American Electric Power,Utilities,Electric Utilities,Published,,,
AXP,American Express,Financials,Consumer Finance,Published,,,
AFG,American Financial Group,Financials,Multi-line Insurance,Published,,,
AHR,American Healthcare REIT,Real Estate,Health Care REITs,Published,,,
AMH,American Homes 4 Rent,Real Estate,Single-Family Residential REITs,Published,,,
AIG,American International Group,Financials,Multi-line Insurance,Published,,,
AMT,American Tower,Real Estate,Telecom Tower REITs,Published,,,
AWK,American Water Works,Utilities,Water Utilities,Published,,,
AMP,Ameriprise Financial,Financials,Asset Management & Custody Banks,Published,,,
AME,Ametek,Industrials,Electrical Components & Equipment,Published,,,
AMGN,Amgen,Health Care,Biotechnology,Published,,,
AMKR,Amkor Technology,Information Technology,Semiconductors,Published,,,
ADI,Analog Devices,Information Technology,Semiconductors,Published,,,
AU,AngloGold Ashanti,Materials,Gold,Published,,,
NLY,Annaly Capital Management,Financials,Mortgage REITs,Published - rating suspended,,"analyst review hold since 2026-10-01 — model not meaningful for the business (D-505): a mortgage REIT's earnings are net interest spread, but the model values it through a default 95% 'gross margin' and an opex ratio at its floor, a margin concept with no meaning for this business, and still cannot reach its earnings target. Held until the name is valued on an appropriate basis.",D-505
AM,Antero Midstream,Energy,Oil & Gas Storage & Transportation,Published,,,
AR,Antero Resources,Energy,Oil & Gas Exploration & Production,Published,,,
AON,Aon plc,Financials,Insurance Brokers,Published,,,
APA,APA Corporation,Energy,Oil & Gas Exploration & Production,Published,,,
APG,APi Group,Industrials,Construction & Engineering,Published - rating suspended,,"forward EPS is contradicted by consensus (D-324, owner's >=2x rule confirmed 2026-09-21): the calibration target 2.05 against an FY+1 consensus of 0.97 for FY ending 2026-12-31, a 2.1x gap with the house figure above consensus. guided_eps is calibrate_opex's TARGET, so the published rating, price target and PWEV are all fitted to it. Held pending a re-derivation that pairs the EPS with a multiple from the same source (D-358).",D-324;D-358
APO,Apollo Global Management,Financials,Asset Management & Custody Banks,Published,,,
APPF,AppFolio,Information Technology,Application Software,Published - rating suspended,,"forward EPS is contradicted by consensus (D-324, owner's >=2x rule confirmed 2026-09-21): the calibration target 1.4 against an FY+1 consensus of 6.9 for FY ending 2026-12-31, a 4.9x gap with the house figure below consensus. guided_eps is calibrate_opex's TARGET, so the published rating, price target and PWEV are all fitted to it. Held pending a re-derivation that pairs the EPS with a multiple from the same source (D-358).",D-324;D-358
AAPL,Apple Inc.,Information Technology,"Technology Hardware, Storage & Peripherals",Published,,,
AIT,Applied Industrial Technologies,Industrials,Trading Companies & Distributors,Published,,,
AMAT,Applied Materials,Information Technology,Semiconductor Materials & Equipment,Published,,,
APP,AppLovin,Information Technology,Application Software,Published - rating suspended,,"analyst review hold since 2026-10-01 — revenue base and margin on different periods (D-497, D-505): the model's revenue base is trailing revenue through Q1 2026 while its earnings target is a full-year 2026 forward figure, so the opex calibration stops at its floor and the model margin (gross margin less a near-zero opex ratio, about 88%) stands in for the operating margin; AppLovin's filed operating margin was 75.8% for FY2025 (continuing operations) and 77.7% in Q2 2026. Held until the revenue base, growth path and margin are re-derived from the filings with period and basis stated.",D-497;D-505
ATR,AptarGroup,Materials,"Metal, Glass & Plastic Containers",Published,,,
APTV,Aptiv,Consumer Discretionary,Automotive Parts & Equipment,Published,,,
ARMK,Aramark,Consumer Discretionary,Distributors,Published,,,
ACGL,Arch Capital Group,Financials,Property & Casualty Insurance,Published,,,
ADM,Archer Daniels Midland,Consumer Staples,Agricultural Products & Services,Published,,,
ARES,Ares Management,Financials,Asset Management & Custody Banks,Published,,,
ANET,Arista Networks,Information Technology,Communications Equipment,Published,,,
ARW,Arrow Electronics,Information Technology,Technology Distributors,Published,,,
ARWR,Arrowhead Pharmaceuticals,Health Care,Biotechnology,Published - rating suspended,,"forward EPS is contradicted by consensus (D-324, D-452): the calibration target 0.64 against an FY+1 consensus of -3.54 for FY ending 2026-09-30, opposite in sign — the house figure is a profit where 14 analysts expect a loss. guided_eps is calibrate_opex's TARGET, so the published rating, price target and PWEV are all fitted to it. Held pending re-authoring (D-454).",D-324;D-452;D-454
AJG,Arthur J. Gallagher & Co.,Financials,Insurance Brokers,Published,,,
ASH,Ashland Global,Materials,Diversified Chemicals,Published,,,
ASB,Associated Bank,Financials,Regional Banks,Published,,,
AIZ,Assurant,Financials,Multi-line Insurance,Published,,,
T,AT&T,Communication Services,Integrated Telecommunication Services,Published,,,
ATI,ATI Inc.,Industrials,Aerospace & Defense,Published,,,
ATO,Atmos Energy,Utilities,Gas Utilities,Published,,,
ADSK,Autodesk,Information Technology,Application Software,Published,,,
ALV,Autoliv,Consumer Discretionary,Automotive Parts & Equipment,Published,,,
ADP,Automatic Data Processing,Industrials,Human Resource & Employment Services,Published,,,
AN,AutoNation,Consumer Discretionary,Automotive Retail,Published,,,
AZO,AutoZone,Consumer Discretionary,Automotive Retail,Published,,,
AVTR,Avantor,Health Care,Life Sciences Tools & Services,Published,,,
AVY,Avery Dennison,Materials,Paper & Plastic Packaging Products & Materials,Published,,,
AVNT,Avient,Materials,Specialty Chemicals,Published,,,
CAR,Avis Budget Group,Industrials,Passenger Ground Transportation,Published,,,
AVT,Avnet,Information Technology,Technology Distributors,Published,,,
AXTA,Axalta,Materials,Specialty Chemicals,Published,,,
AXON,Axon Enterprise,Industrials,Aerospace & Defense,Published,,,
BKR,Baker Hughes,Energy,Oil & Gas Equipment & Services,Published,,,
BALL,Ball Corporation,Materials,"Metal, Glass & Plastic Containers",Published,,,
BAC,Bank of America,Financials,Diversified Banks,Published,,,
OZK,Bank OZK,Financials,Regional Banks,Published,,,
BBWI,"Bath & Body Works, Inc.",Consumer Discretionary,Other Specialty Retail,Published,,,
BAX,Baxter International,Health Care,Health Care Equipment,Published,,,
BDX,Becton Dickinson,Health Care,Health Care Equipment,Published,,,
BDC,Belden Inc.,Information Technology,Electronic Components,Published,,,
BSY,Bentley Systems,Information Technology,Application Software,Published,,,
BRK.B,Berkshire Hathaway,Financials,Multi-Sector Holdings,Published,,,
BBY,Best Buy,Consumer Discretionary,Computer & Electronics Retail,Published,,,
BILL,Bill Holdings,Information Technology,Application Software,Published,,,
BIO,Bio-Rad Laboratories,Health Care,Life Sciences Tools & Services,Published,,,
TECH,Bio-Techne,Health Care,Life Sciences Tools & Services,Published - rating suspended,pending,"pending acquisition by Merck KGaA, Darmstadt, Germany (via EMD Holdings NewCo, Inc.) ($73 cash)",
BIIB,Biogen,Health Care,Biotechnology,Published,,,
BMRN,BioMarin Pharmaceutical,Health Care,Biotechnology,Published,,,
BJ,BJ's Wholesale Club,Consumer Staples,Consumer Staples Merchandise Retail,Published,,,
BKH,Black Hills Corporation,Utilities,Multi-Utilities,Published,,,
BLK,BlackRock,Financials,Asset Management & Custody Banks,Published,,,
BX,Blackstone Inc.,Financials,Asset Management & Custody Banks,Published,,,
XYZ,"Block, Inc.",Financials,Transaction & Payment Processing Services,Published,,,
BNY,BNY Mellon,Financials,Asset Management & Custody Banks,Published,,,
BKNG,Booking Holdings,Consumer Discretionary,"Hotels, Resorts & Cruise Lines",Published,,,
BAH,Booz Allen Hamilton,Industrials,Research & Consulting Services,Published,,,
BWA,BorgWarner,Consumer Discretionary,Automotive Parts & Equipment,Published,,,
SAM,Boston Beer Company,Consumer Staples,Brewers,Published,,,
BSX,Boston Scientific,Health Care,Health Care Equipment,Published,,,
BYD,Boyd Gaming,Consumer Discretionary,Casinos & Gaming,Published,,,
BHF,Brighthouse Financial,Financials,Life & Health Insurance,Published - rating suspended,pending,pending acquisition by an acquirer not yet confirmed in a filing ($70 cash),
BTSG,BrightSpring Health Services,Health Care,Health Care Services,Published - rating suspended,,"valuation method is recorded as unsuitable (D-454): BrightSpring Health — PE-backed levered pharmacy/home-health rollup; heavy interest/D&A crush GAAP EPS → 38.8x P/E, model −43% vs Street +8%. EV/EBITDA candidate (EPS×PE wrong lens for a levered rollup).",D-454
BCO,Brink's,Industrials,Security & Alarm Services,Published,,,
BMY,Bristol Myers Squibb,Health Care,Pharmaceuticals,Published,,,
BRX,Brixmor Property Group,Real Estate,Retail REITs,Published,,,
AVGO,Broadcom,Information Technology,Semiconductors,Published - rating suspended,,"analyst review hold since 2026-10-01 — owner decision: revenue base and margin on different periods (D-497, D-505). The model's revenue base is trailing revenue to Q2 FY2026 grown at 10% while Q3 FY2026 revenue alone was $29,591m (10-Q filed 2026-09-10), so the opex calibration stops at its floor and the model margin (~76%, close to gross margin) stands in for an operating margin; the 10-Q's GAAP operating margin is 53.9% (operating income $15,955m), and Broadcom reports semiconductor ($20,839m) and infrastructure-software ($8,752m) segments the model folds into one. Held until the revenue base, growth, segments and margin basis are re-derived from the filings.",D-497;D-505
BR,Broadridge Financial Solutions,Industrials,Data Processing & Outsourced Services,Published,,,
BRO,Brown & Brown,Financials,Insurance Brokers,Published,,,
BRKR,Bruker,Health Care,Health Care Equipment,Published,,,
BC,Brunswick,Consumer Discretionary,Leisure Products,Published,,,
BLDR,Builders FirstSource,Industrials,Building Products,Published,,,
BG,Bunge Global,Consumer Staples,Agricultural Products & Services,Published,,,
BURL,Burlington Stores,Consumer Discretionary,Apparel Retail,Published,,,
BWXT,BWX Technologies,Industrials,Aerospace & Defense,Published,,,
BXP,"BXP, Inc.",Real Estate,Office REITs,Published,,,
CHRW,C.H. Robinson,Industrials,Air Freight & Logistics,Published,,,
CBT,Cabot Corp,Materials,Diversified Chemicals,Published,,,
CACI,CACI International,Industrials,Diversified Support Services,Published,,,
CDNS,Cadence Design Systems,Information Technology,Application Software,Published,,,
CPT,Camden Property Trust,Real Estate,Multi-Family Residential REITs,Published - rating suspended,,"analyst review hold since 2026-10-01 — FFO input includes a disposition gain (D-504): the model's FFO proxy is built on FY2025 net income of $384.5m, of which $260.9m is a gain on disposition that FFO excludes by definition. Held until FFO is re-derived from the filed reconciliation.",D-504
COF,Capital One,Financials,Consumer Finance,Published,,,
CPRI,Capri Holdings,Consumer Discretionary,"Apparel, Accessories & Luxury Goods",Published,,,
CAH,Cardinal Health,Health Care,Health Care Distributors,Published,,,
CTRE,CareTrust REIT,Real Estate,Health Care REITs,Published,,,
CSL,Carlisle Companies,Industrials,Industrial Conglomerates,Published,,,
CG,Carlyle Group (The),Financials,Asset Management & Custody Banks,Published,,,
CCL,Carnival Corporation,Consumer Discretionary,"Hotels, Resorts & Cruise Lines",Published,,,
CRS,Carpenter Technology,Industrials,Industrial Machinery & Supplies & Components,Published,,,
CARR,Carrier Global,Industrials,Building Products,Published,,,
CVNA,Carvana,Consumer Discretionary,Automotive Retail,Published,,,
CASY,Casey's,Consumer Staples,Food Retail,Published,,,
CAT,Caterpillar Inc.,Industrials,Construction Machinery & Heavy Transportation Equipment,Published,,,
CAVA,Cava Group,Consumer Discretionary,Restaurants,Published - rating suspended,,"valuation method is recorded as unsuitable (D-454): CAVA — hyper-growth restaurant at ~125x fwd P/E; the restaurant EPS×PE archetype caps it far below the market (model −69%). Needs a growth-appropriate lens, not a normal PE.",D-454
CBOE,Cboe Global Markets,Financials,Financial Exchanges & Data,Published,,,
CBRE,CBRE Group,Real Estate,Real Estate Services,Published,,,
CDW,CDW Corporation,Information Technology,Technology Distributors,Published,,,
CELH,Celsius Holdings,Consumer Staples,Soft Drinks & Non-alcoholic Beverages,Published,,,
COR,Cencora,Health Care,Health Care Distributors,Published,,,
CNC,Centene Corporation,Health Care,Managed Health Care,Published,,,
CNP,CenterPoint Energy,Utilities,Multi-Utilities,Published,,,
CBRS,Cerebras Systems Inc. Class A Common Stock,Information Technology,Semiconductors,Published,,,
CF,CF Industries,Materials,Fertilizers & Agricultural Chemicals,Published - rating suspended,,"the multiple is anchored to a vendor forward P/E (D-358): guided_eps 10.34 is FY+1 consensus, but pe_mean 7 derives from a vendor ForwardPE of 5.94 against a trailing P/E of 9.5, where the price implies 11.3x on that EPS. Same 2026-08-07 re-author path (sp500_author.py:134,143). Owner decision 2026-09-21.",D-358
CRL,Charles River Laboratories,Health Care,Life Sciences Tools & Services,Published,,,
SCHW,Charles Schwab Corporation,Financials,Investment Banking & Brokerage,Published,,,
CHE,Chemed Corp.,Health Care,Health Care Services,Published,,,
CVX,Chevron Corporation,Energy,Integrated Oil & Gas,Published,,,
CHWY,Chewy,Consumer Discretionary,Other Specialty Retail,Published,,,
CMG,Chipotle Mexican Grill,Consumer Discretionary,Restaurants,Published,,,
CHH,Choice Hotels,Consumer Discretionary,"Hotels, Resorts & Cruise Lines",Published,,,
CB,Chubb Limited,Financials,Property & Casualty Insurance,Published,,,
CHD,Church & Dwight,Consumer Staples,Household Products,Published,,,
CHDN,Churchill Downs Inc.,Consumer Discretionary,Casinos & Gaming,Published,,,
CIEN,Ciena,Information Technology,Communications Equipment,Published,,,
CI,Cigna,Health Care,Health Care Services,Published,,,
CINF,Cincinnati Financial,Financials,Property & Casualty Insurance,Published,,,
CTAS,Cintas,Industrials,Diversified Support Services,Published,,,
CRUS,Cirrus Logic,Information Technology,Semiconductors,Published,,,
CSCO,Cisco,Information Technology,Communications Equipment,Published,,,
C,Citigroup,Financials,Diversified Banks,Published,,,
CFG,Citizens Financial Group,Financials,Regional Banks,Published,,,
CLH,Clean Harbors,Industrials,Environmental & Facilities Services,Published,,,
CLF,Cleveland-Cliffs,Materials,Steel,Published,,,
CLX,Clorox,Consumer Staples,Household Products,Published,,,
CME,CME Group,Financials,Financial Exchanges & Data,Published,,,
CMS,CMS Energy,Utilities,Multi-Utilities,Published,,,
CNH,CNH Industrial,Industrials,Agricultural & Farm Machinery,Published,,,
CNO,CNO Financial Group,Financials,Life & Health Insurance,Published,,,
CNX,CNX Resources,Energy,Oil & Gas Exploration & Production,Published,,,
KO,Coca-Cola Company (The),Consumer Staples,Soft Drinks & Non-alcoholic Beverages,Published,,,
COKE,Coca-Cola Consolidated,Consumer Staples,Soft Drinks & Non-alcoholic Beverages,Published,,,
CDE,Coeur Mining,Materials,Gold,Published,,,
CGNX,Cognex,Information Technology,Electronic Equipment & Instruments,Published,,,
CTSH,Cognizant,Information Technology,IT Consulting & Other Services,Published,,,
COHR,Coherent Corp.,Information Technology,Electronic Components,Published,,,
COIN,Coinbase,Financials,Financial Exchanges & Data,Published,,,
CL,Colgate-Palmolive,Consumer Staples,Household Products,Published,,,
COLB,Columbia Banking System,Financials,Regional Banks,Published,,,
COLM,Columbia Sportswear,Consumer Discretionary,"Apparel, Accessories & Luxury Goods",Published,,,
CMCSA,Comcast,Communication Services,Cable & Satellite,Published,,,
FIX,Comfort Systems USA,Industrials,Construction & Engineering,Published,,,
CBSH,Commerce Bancshares,Financials,Regional Banks,Published,,,
CMC,Commercial Metals,Materials,Steel,Published,,,
CVLT,CommVault Systems,Information Technology,Systems Software,Published,,,
CAG,Conagra Brands,Consumer Staples,Packaged Foods & Meats,Published,,,
COP,ConocoPhillips,Energy,Oil & Gas Exploration & Production,Published,,,
ED,Consolidated Edison,Utilities,Multi-Utilities,Published,,,
STZ,Constellation Brands,Consumer Staples,Distillers & Vintners,Published,,,
CEG,Constellation Energy,Utilities,Electric Utilities,Published,,,
COO,Cooper Companies (The),Health Care,Health Care Supplies,Published,,,
CPRT,Copart,Industrials,Diversified Support Services,Published,,,
CDP,COPT Defense Properties,Real Estate,Office REITs,Published,,,
CNM,Core & Main,Industrials,Trading Companies & Distributors,Published,,,
CRBG,Corebridge Financial,Financials,Asset Management & Custody Banks,Published - rating suspended,,valuation method is recorded as unsuitable (D-454): Corebridge (AIG life spinoff) — annuity earnings the market discounts to ~4.6x P/E; EPS×PE over-values (implied +73%). Needs embedded-value treatment.,D-454
GLW,Corning Inc.,Information Technology,Electronic Components,Published,,,
CPAY,Corpay,Financials,Transaction & Payment Processing Services,Published,,,
CTVA,Corteva,Materials,Fertilizers & Agricultural Chemicals,Published,,,
CSGP,CoStar Group,Real Estate,Real Estate Services,Published,,,
COST,Costco,Consumer Staples,Consumer Staples Merchandise Retail,Published,,,
CUZ,Cousins Properties,Real Estate,Office REITs,Published,,,
CR,Crane,Industrials,Industrial Machinery & Supplies & Components,Published,,,
CXT,Crane NXT,Information Technology,Electronic Equipment & Instruments,Published,,,
CRH,CRH plc,Materials,Construction Materials,Published,,,
CROX,Crocs,Consumer Discretionary,Footwear,Published,,,
CRWD,CrowdStrike,Information Technology,Systems Software,Published,,,
CCI,Crown Castle,Real Estate,Telecom Tower REITs,Published,,,
CCK,Crown Holdings,Materials,Paper & Plastic Packaging Products & Materials,Published,,,
CSX,CSX Corporation,Industrials,Rail Transportation,Published,,,
CUBE,CubeSmart,Real Estate,Industrial REITs,Published,,,
CMI,Cummins,Industrials,Construction Machinery & Heavy Transportation Equipment,Published,,,
CW,Curtiss-Wright,Industrials,Aerospace & Defense,Published,,,
CVS,CVS Health,Health Care,Health Care Services,Published,,,
CYTK,Cytokinetics,Health Care,Biotechnology,Published - rating suspended,,interest exceeds operating income (earnings anchor cannot carry an equity multiple),
DHI,D. R. Horton,Consumer Discretionary,Homebuilding,Published,,,
DHR,Danaher Corporation,Health Care,Life Sciences Tools & Services,Published,,,
DRI,Darden Restaurants,Consumer Discretionary,Restaurants,Published,,,
DAR,Darling Ingredients,Consumer Staples,Agricultural Products & Services,Published,,,
DDOG,Datadog,Information Technology,Application Software,Published,,,
DVA,DaVita,Health Care,Health Care Services,Published,,,
DECK,Deckers Brands,Consumer Discretionary,Footwear,Published,,,
DE,Deere & Company,Industrials,Agricultural & Farm Machinery,Published,,,
DELL,Dell Technologies,Information Technology,"Technology Hardware, Storage & Peripherals",Published,,,
DAL,Delta Air Lines,Industrials,Passenger Airlines,Published,,,
XRAY,Dentsply Sirona,Health Care,Health Care Supplies,Published,,,
DVN,Devon Energy,Energy,Oil & Gas Exploration & Production,Published,,,
DXCM,Dexcom,Health Care,Health Care Equipment,Published,,,
FANG,Diamondback Energy,Energy,Oil & Gas Exploration & Production,Published,,,
DKS,Dick's Sporting Goods,Consumer Discretionary,Specialty Stores,Published,,,
DLR,Digital Realty,Real Estate,Data Center REITs,Published,,,
DOCN,DigitalOcean,Information Technology,Internet Services & Infrastructure,Published - rating suspended,,valuation method is recorded as unsuitable (D-454): DigitalOcean — ~106x fwd P/E; software band compresses to −48% vs Street +49% (−65% house-vs-Street gap). Hyper-PE lens break.,D-454
DOCU,Docusign,Information Technology,Application Software,Published,,,
DLB,Dolby,Information Technology,Application Software,Published,,,
DG,Dollar General,Consumer Staples,Consumer Staples Merchandise Retail,Published,,,
DLTR,Dollar Tree,Consumer Staples,Consumer Staples Merchandise Retail,Published,,,
D,Dominion Energy,Utilities,Multi-Utilities,Published,,,
DPZ,Domino's,Consumer Discretionary,Restaurants,Published,,,
DCI,Donaldson Company,Industrials,Industrial Machinery & Supplies & Components,Published,,,
DASH,DoorDash,Consumer Discretionary,Specialized Consumer Services,Published,,,
DOV,Dover Corporation,Industrials,Industrial Machinery & Supplies & Components,Published,,,
DOW,Dow Inc.,Materials,Commodity Chemicals,Published,,,
DOCS,Doximity,Health Care,Health Care Technology,Published,,,
DBX,Dropbox,Information Technology,Application Software,Published,,,
DTM,DT Midstream,Energy,Oil & Gas Storage & Transportation,Published,,,
DTE,DTE Energy,Utilities,Multi-Utilities,Published,,,
DUK,Duke Energy,Utilities,Electric Utilities,Published,,,
DUOL,Duolingo,Consumer Discretionary,Education Services,Published,,,
DD,DuPont,Materials,Specialty Chemicals,Published,,,
BROS,Dutch Bros Inc.,Consumer Discretionary,Restaurants,Published,,,
DY,Dycom Industries,Industrials,Construction & Engineering,Published,,,
DT,Dynatrace,Information Technology,Application Software,Published,,,
ELF,e.l.f. Beauty,Consumer Staples,Personal Care Products,Published,,,
EXP,Eagle Materials,Materials,Construction Materials,Published,,,
EWBC,East West Bancorp,Financials,Regional Banks,Published,,,
EGP,EastGroup Properties,Real Estate,Industrial REITs,Published,,,
ETN,Eaton Corporation,Industrials,Electrical Components & Equipment,Published,,,
EBAY,eBay Inc.,Consumer Discretionary,Broadline Retail,Published,,,
ECL,Ecolab,Materials,Specialty Chemicals,Published,,,
EIX,Edison International,Utilities,Electric Utilities,Published,,,
EW,Edwards Lifesciences,Health Care,Health Care Equipment,Published,,,
ELAN,Elanco,Health Care,Pharmaceuticals,Published,,,
ELV,Elevance Health,Health Care,Managed Health Care,Published,,,
EME,Emcor,Industrials,Construction & Engineering,Published,,,
EMR,Emerson Electric,Industrials,Electrical Components & Equipment,Published,,,
EHC,Encompass Health,Health Care,Health Care Facilities,Published,,,
ENS,EnerSys,Industrials,Electrical Components & Equipment,Published,,,
ENSG,Ensign Group,Health Care,Health Care Facilities,Published,,,
ENTG,Entegris,Information Technology,Semiconductor Materials & Equipment,Published,,,
ETR,Entergy,Utilities,Electric Utilities,Published,,,
NVST,Envista Holdings,Health Care,Health Care Supplies,Published,,,
EOG,EOG Resources,Energy,Oil & Gas Exploration & Production,Published,,,
EPR,EPR Properties,Real Estate,Other Specialized REITs,Published,,,
EQT,EQT Corporation,Energy,Oil & Gas Exploration & Production,Published,,,
EFX,Equifax,Industrials,Research & Consulting Services,Published,,,
EQIX,Equinix,Real Estate,Data Center REITs,Published,,,
EQH,Equitable Holdings,Financials,Diversified Financial Services,Published - rating suspended,,valuation method is recorded as unsuitable (D-454): Equitable — NEGATIVE GAAP book value per share (rate/AOCI marks); justified-P/B undefined and fwd EPS is mark-to-market noise. Needs embedded-value treatment.,D-454
ELS,Equity Lifestyle Properties,Real Estate,Single-Family Residential REITs,Published,,,
ERIE,Erie Indemnity,Financials,Insurance Brokers,Published,,,
ESAB,ESAB,Industrials,Industrial Machinery & Supplies & Components,Published,,,
ESNT,Essent Group Ltd.,Financials,Commercial & Residential Mortgage Finance,Published,,,
WTRG,Essential Utilities,Utilities,Water Utilities,Published,,,
ESS,Essex Property Trust,Real Estate,Multi-Family Residential REITs,Published,,,
EL,Estée Lauder Companies (The),Consumer Staples,Personal Care Products,Published,,,
EEFT,Euronet Worldwide,Financials,Transaction & Payment Processing Services,Published,,,
EVR,Evercore,Financials,Investment Banking & Brokerage,Published,,,
EG,Everest Group,Financials,Reinsurance,Published,,,
EVRG,Evergy,Utilities,Electric Utilities,Published,,,
P,Everpure,Information Technology,"Technology Hardware, Storage & Peripherals",Published,,,
ES,Eversource Energy,Utilities,Electric Utilities,Published,,,
EXEL,Exelixis,Health Care,Biotechnology,Published,,,
EXC,Exelon,Utilities,Electric Utilities,Published,,,
EXLS,EXL Service,Industrials,Data Processing & Outsourced Services,Published,,,
EXE,Expand Energy,Energy,Oil & Gas Exploration & Production,Published,,,
EXPE,Expedia Group,Consumer Discretionary,"Hotels, Resorts & Cruise Lines",Published,,,
EXPD,Expeditors International,Industrials,Air Freight & Logistics,Published,,,
EXPO,"Exponent, Inc.",Industrials,Research & Consulting Services,Published,,,
EXR,Extra Space Storage,Real Estate,Self-Storage REITs,Published,,,
XOM,ExxonMobil,Energy,Integrated Oil & Gas,Published,,,
FFIV,"F5, Inc.",Information Technology,Communications Equipment,Published,,,
FN,Fabrinet,Information Technology,Electronic Manufacturing Services,Published - rating suspended,,"forward EPS is contradicted by consensus (D-324, owner's >=2x rule confirmed 2026-09-21): the calibration target 38.55 against an FY+1 consensus of 17.32 for FY ending 2027-06-30, a 2.2x gap with the house figure above consensus. guided_eps is calibrate_opex's TARGET, so the published rating, price target and PWEV are all fitted to it. Held pending a re-derivation that pairs the EPS with a multiple from the same source (D-358).",D-324;D-358
FDS,FactSet,Financials,Financial Exchanges & Data,Published,,,
FICO,Fair Isaac,Information Technology,Application Software,Published - rating suspended,,"analyst review hold since 2026-09-30 — D-458: FICO fell 26.5% on 2026-09-29 (840.89 -> 617.87 on 15x normal volume, verified against Interactive Brokers). The PRICE is real; the VALUATION is not trusted: at $618 the model's probability of upside (87.3%) sits above its 85% band and its structural-impairment weight (0%) below its 20% floor, on a name the market has just repriced. Held until the bear case is re-authored for whatever caused the move.",D-458
FAST,Fastenal,Industrials,Trading Companies & Distributors,Published,,,
FRT,Federal Realty Investment Trust,Real Estate,Retail REITs,Published - rating suspended,,analyst review hold since 2026-10-01 — FFO input includes non-recurring items (D-504): the model's FFO per share is about 46% above the FY2025 Core FFO of $7.06 (Nareit FFO $7.22) per diluted share in Federal Realty's 10-K. Held until FFO is re-derived from the filed reconciliation.,D-504
FHI,Federated Hermes,Financials,Asset Management & Custody Banks,Published,,,
FDX,FedEx,Industrials,Air Freight & Logistics,Published,,,
FDXF,FedEx Freight,Industrials,Cargo Ground Transportation,Published,,,
FNF,Fidelity National Financial,Financials,Property & Casualty Insurance,Published,,,
FIS,Fidelity National Information Services,Financials,Transaction & Payment Processing Services,Published,,,
FITB,Fifth Third Bancorp,Financials,Regional Banks,Published,,,
FAF,First American Financial Corporation,Financials,Property & Casualty Insurance,Published,,,
FFIN,First Financial Bankshares,Financials,Regional Banks,Published,,,
FHN,First Horizon,Financials,Regional Banks,Published,,,
FR,First Industrial Realty Trust,Real Estate,Industrial REITs,Published,,,
FSLR,First Solar,Information Technology,Semiconductors,Published,,,
FCFS,FirstCash,Financials,Consumer Finance,Published,,,
FE,FirstEnergy,Utilities,Electric Utilities,Published,,,
FIVE,Five Below,Consumer Discretionary,Specialty Stores,Published,,,
FLG,Flagstar Bank,Financials,Regional Banks,Published,,,
FLEX,Flex Ltd.,Information Technology,Electronic Manufacturing Services,Published,,,
FND,Floor & Decor,Consumer Discretionary,Home Improvement Retail,Published,,,
FLS,Flowserve,Industrials,Industrial Machinery & Supplies & Components,Published,,,
FLR,Fluor,Industrials,Construction & Engineering,Published,,,
FNB,FNB Corporation,Financials,Regional Banks,Published,,,
F,Ford Motor Company,Consumer Discretionary,Automobile Manufacturers,Published,,,
FTNT,Fortinet,Information Technology,Systems Software,Published,,,
FTV,Fortive,Industrials,Industrial Machinery & Supplies & Components,Published,,,
FBIN,Fortune Brands Innovations,Industrials,Building Products,Published,,,
FOXA,Fox Corporation (Class A),Communication Services,Broadcasting,Published,,,
BEN,Franklin Resources,Financials,Asset Management & Custody Banks,Published,,,
FCX,Freeport-McMoRan,Materials,Copper,Published,,,
CFR,Frost Bank,Financials,Regional Banks,Published,,,
FCN,FTI Consulting,Industrials,Research & Consulting Services,Published,,,
GME,GameStop,Consumer Discretionary,Computer & Electronics Retail,Published,,,
GLPI,Gaming and Leisure Properties,Real Estate,Other Specialized REITs,Published - rating suspended,,"analyst review hold since 2026-10-02 — FFO input below the filed figure (D-546): the model's FFO per share is about half the FY2025 FFO per diluted share that Gaming and Leisure Properties reports in its fourth-quarter 2025 results, so its P/FFO and fair value rest on the wrong earnings base. Held until FFO/AFFO per share is taken from the filed reconciliation with period and basis stated.",D-546
GAP,Gap Inc.,Consumer Discretionary,Apparel Retail,Published,,,
GRMN,Garmin,Consumer Discretionary,Consumer Electronics,Published,,,
IT,Gartner,Information Technology,IT Consulting & Other Services,Published,,,
GATX,GATX,Industrials,Construction Machinery & Heavy Transportation Equipment,Published - rating suspended,,"analyst review hold since 2026-10-01 — earnings and debt from different periods (D-507): the model's EBITDA per share and revenue base predate the 2026 rail-asset acquisition while its net debt (about $11.9bn) is post-acquisition, and the report prints a second, year-end net debt ($7.8bn) that included acquisition pre-funding cash. Held until earnings, revenue and net debt are taken from one dated period.",D-507
GE,GE Aerospace,Industrials,Aerospace & Defense,Published,,,
GEHC,GE HealthCare,Health Care,Health Care Equipment,Published,,,
GEV,GE Vernova,Industrials,Heavy Electrical Equipment,Published,,,
GEN,Gen Digital,Information Technology,Systems Software,Published,,,
GNRC,Generac,Industrials,Electrical Components & Equipment,Published,,,
GD,General Dynamics,Industrials,Aerospace & Defense,Published,,,
GIS,General Mills,Consumer Staples,Packaged Foods & Meats,Published,,,
GM,General Motors,Consumer Discretionary,Automobile Manufacturers,Published,,,
G,Genpact,Industrials,Data Processing & Outsourced Services,Published - rating suspended,,"forward EPS is contradicted by consensus (D-324, owner's >=2x rule confirmed 2026-09-21): the calibration target 1.67 against an FY+1 consensus of 4.12 for FY ending 2026-12-31, a 2.5x gap with the house figure below consensus. guided_eps is calibrate_opex's TARGET, so the published rating, price target and PWEV are all fitted to it. Held pending a re-derivation that pairs the EPS with a multiple from the same source (D-358).",D-324;D-358
GNTX,Gentex,Consumer Discretionary,Automotive Parts & Equipment,Published,,,
GPC,Genuine Parts Company,Consumer Discretionary,Distributors,Published,,,
GILD,Gilead Sciences,Health Care,Biotechnology,Published,,,
GBCI,Glacier Bancorp,Financials,Regional Banks,Published,,,
GPN,Global Payments,Financials,Transaction & Payment Processing Services,Published,,,
GL,Globe Life,Financials,Life & Health Insurance,Published,,,
GMED,Globus Medical,Health Care,Health Care Equipment,Published,,,
GDDY,GoDaddy,Information Technology,Internet Services & Infrastructure,Published,,,
GS,Goldman Sachs,Financials,Investment Banking & Brokerage,Published,,,
GGG,Graco Inc.,Industrials,Industrial Machinery & Supplies & Components,Published,,,
LOPE,Grand Canyon Education,Consumer Discretionary,Education Services,Published,,,
GPK,Graphic Packaging,Materials,Paper & Plastic Packaging Products & Materials,Published,,,
GEF,"Greif, Inc.",Materials,"Metal, Glass & Plastic Containers",Published,,,
GWRE,Guidewire Software,Information Technology,Application Software,Published,,,
GXO,GXO Logistics,Industrials,Air Freight & Logistics,Published,,,
HRB,H&R Block,Consumer Discretionary,Specialized Consumer Services,Published,,,
HAE,Haemonetics,Health Care,Health Care Supplies,Published,,,
HAL,Halliburton,Energy,Oil & Gas Equipment & Services,Published,,,
HALO,Halozyme,Health Care,Biotechnology,Published,,,
HLNE,Hamilton Lane,Financials,Asset Management & Custody Banks,Published,,,
HWC,Hancock Whitney,Financials,Regional Banks,Published,,,
THG,Hanover Insurance,Financials,Property & Casualty Insurance,Published,,,
HOG,Harley-Davidson,Consumer Discretionary,Motorcycle Manufacturers,Published,,,
HIG,Hartford (The),Financials,Property & Casualty Insurance,Published,,,
HAS,Hasbro,Consumer Discretionary,Leisure Products,Published,,,
HCA,HCA Healthcare,Health Care,Health Care Facilities,Published,,,
HR,Healthcare Realty Trust,Real Estate,Health Care REITs,Published,,,
HQY,HealthEquity,Health Care,Managed Health Care,Published,,,
DOC,Healthpeak Properties,Real Estate,Health Care REITs,Published,,,
HL,Hecla Mining,Materials,Silver,Published,,,
HSIC,Henry Schein,Health Care,Health Care Distributors,Published,,,
HSY,Hershey Company (The),Consumer Staples,Packaged Foods & Meats,Published,,,
HPE,Hewlett Packard Enterprise,Information Technology,"Technology Hardware, Storage & Peripherals",Published,,,
HXL,Hexcel,Industrials,Aerospace & Defense,Published,,,
DINO,HF Sinclair,Energy,Oil & Gas Refining & Marketing,Published,,,
HGV,Hilton Grand Vacations,Consumer Discretionary,"Hotels, Resorts & Cruise Lines",Published,,,
HLT,Hilton Worldwide,Consumer Discretionary,"Hotels, Resorts & Cruise Lines",Published,,,
HIMS,Hims & Hers Health,Health Care,Health Care Services,Published - rating suspended,,"forward EPS is contradicted by consensus (D-324, D-452): the calibration target 0.56 against an FY+1 consensus of -0.56 for FY ending 2026-12-31, opposite in sign — the house figure is a profit where 11 analysts expect a loss. guided_eps is calibrate_opex's TARGET, so the published rating, price target and PWEV are all fitted to it. Held pending re-authoring (D-454).",D-324;D-452;D-454
HOMB,Home BancShares,Financials,Regional Banks,Published,,,
HD,Home Depot (The),Consumer Discretionary,Home Improvement Retail,Published,,,
HON,Honeywell,Industrials,Industrial Conglomerates,Published,,,
HONA,Honeywell Aerospace Inc,Industrials,Aerospace & Defense,Published,,,
HRL,Hormel Foods,Consumer Staples,Packaged Foods & Meats,Published,,,
HST,Host Hotels & Resorts,Real Estate,Hotel & Resort REITs,Published,,,
HLI,Houlihan Lokey,Financials,Investment Banking & Brokerage,Published,,,
HWM,Howmet Aerospace,Industrials,Aerospace & Defense,Published,,,
HPQ,HP Inc.,Information Technology,"Technology Hardware, Storage & Peripherals",Published,,,
HUBB,Hubbell Incorporated,Industrials,Industrial Machinery & Supplies & Components,Published,,,
HUM,Humana,Health Care,Managed Health Care,Published,,,
HBAN,Huntington Bancshares,Financials,Regional Banks,Published,,,
HII,Huntington Ingalls Industries,Industrials,Aerospace & Defense,Published,,,
H,Hyatt,Consumer Discretionary,"Hotels, Resorts & Cruise Lines",Published,,,
IBM,IBM,Information Technology,IT Consulting & Other Services,Published,,,
IDA,Idacorp,Utilities,Electric Utilities,Published,,,
IEX,IDEX Corporation,Industrials,Industrial Machinery & Supplies & Components,Published,,,
IDXX,Idexx Laboratories,Health Care,Health Care Equipment,Published,,,
ITW,Illinois Tool Works,Industrials,Industrial Machinery & Supplies & Components,Published,,,
ILMN,"Illumina, Inc.",Health Care,Life Sciences Tools & Services,Published,,,
INCY,Incyte,Health Care,Biotechnology,Published - rating suspended,,"forward EPS is contradicted by consensus (D-324, owner's >=2x rule confirmed 2026-09-21): the calibration target 7.79 against an FY+1 consensus of 3.56 for FY ending 2026-12-31, a 2.2x gap with the house figure above consensus. guided_eps is calibrate_opex's TARGET, so the published rating, price target and PWEV are all fitted to it. Held pending a re-derivation that pairs the EPS with a multiple from the same source (D-358).",D-324;D-358
IRT,Independence Realty Trust,Real Estate,Multi-Family Residential REITs,Published,,,
IR,Ingersoll Rand,Industrials,Industrial Machinery & Supplies & Components,Published,,,
INGR,Ingredion,Consumer Staples,Agricultural Products & Services,Published,,,
PODD,Insulet Corporation,Health Care,Health Care Equipment,Published,,,
INTC,Intel,Information Technology,Semiconductors,Published,,,
IBKR,Interactive Brokers,Financials,Investment Banking & Brokerage,Published,,,
ICE,Intercontinental Exchange,Financials,Financial Exchanges & Data,Published,,,
IDCC,InterDigital,Information Technology,Communications Equipment,Published,,,
IFF,International Flavors & Fragrances,Materials,Specialty Chemicals,Published,,,
IP,International Paper,Materials,Paper & Plastic Packaging Products & Materials,Published,,,
IBOC,Intl Bancshares Corp,Financials,Regional Banks,Published,,,
INTU,Intuit,Information Technology,Application Software,Published,,,
ISRG,Intuitive Surgical,Health Care,Health Care Equipment,Published,,,
IVZ,Invesco,Financials,Asset Management & Custody Banks,Published,,,
INVH,Invitation Homes,Real Estate,Single-Family Residential REITs,Published,,,
IPGP,IPG Photonics,Information Technology,Electronic Manufacturing Services,Published,,,
IQV,IQVIA,Health Care,Life Sciences Tools & Services,Published,,,
IRM,Iron Mountain,Real Estate,Other Specialized REITs,Published,,,
ITT,ITT Inc.,Industrials,Industrial Machinery & Supplies & Components,Published,,,
JBHT,J.B. Hunt,Industrials,Cargo Ground Transportation,Published,,,
SJM,J.M. Smucker Company (The),Consumer Staples,Packaged Foods & Meats,Published,,,
JBL,Jabil,Information Technology,Electronic Manufacturing Services,Published,,,
JKHY,Jack Henry & Associates,Financials,Transaction & Payment Processing Services,Published,,,
J,Jacobs Solutions,Industrials,Construction & Engineering,Published,,,
JAZZ,Jazz Pharmaceuticals,Health Care,Pharmaceuticals,Published,,,
JEF,Jefferies,Financials,Multi-Sector Holdings,Published,,,
JNJ,Johnson & Johnson,Health Care,Pharmaceuticals,Published,,,
JCI,Johnson Controls,Industrials,Building Products,Published,,,
JLL,Jones Lang LaSalle,Real Estate,Real Estate Services,Published,,,
JPM,JPMorgan Chase,Financials,Diversified Banks,Published,,,
KBH,KB Home,Consumer Discretionary,Homebuilding,Published,,,
KBR,"KBR, Inc.",Industrials,Diversified Support Services,Published,,,
KVUE,Kenvue,Consumer Staples,Personal Care Products,Published,,,
KDP,Keurig Dr Pepper,Consumer Staples,Soft Drinks & Non-alcoholic Beverages,Published,,,
KEY,KeyCorp,Financials,Regional Banks,Published,,,
KEYS,Keysight Technologies,Information Technology,Electronic Equipment & Instruments,Published,,,
KRC,Kilroy Realty Corp,Real Estate,Office REITs,Published,,,
KMB,Kimberly-Clark,Consumer Staples,Household Products,Published,,,
KMI,Kinder Morgan,Energy,Oil & Gas Storage & Transportation,Published,,,
KNSL,Kinsale Capital Group,Financials,Property & Casualty Insurance,Published,,,
KEX,Kirby Corporation,Industrials,Marine Transportation,Published,,,
KRG,Kite Realty Group Trust,Real Estate,Retail REITs,Published,,,
KKR,KKR & Co.,Financials,Asset Management & Custody Banks,Published,,,
KLAC,KLA Corporation,Information Technology,Semiconductor Materials & Equipment,Published,,,
KNF,Knife River Corporation,Materials,Construction Materials,Published,,,
KNX,Knight-Swift,Industrials,Cargo Ground Transportation,Published,,,
KHC,Kraft Heinz,Consumer Staples,Packaged Foods & Meats,Published,,,
KTOS,Kratos Defense & Security Solutions,Industrials,Aerospace & Defense,Published,,,
KR,Kroger,Consumer Staples,Food Retail,Published,,,
KD,Kyndryl,Information Technology,IT Consulting & Other Services,Published,,,
LHX,L3Harris,Industrials,Aerospace & Defense,Published,,,
LH,Labcorp,Health Care,Health Care Services,Published,,,
LRCX,Lam Research,Information Technology,Semiconductor Materials & Equipment,Published,,,
LAMR,Lamar Advertising Company,Real Estate,Other Specialized REITs,Published,,,
LSTR,Landstar System,Industrials,Cargo Ground Transportation,Published,,,
LNTH,Lantheus Holdings,Health Care,Health Care Supplies,Published,,,
LVS,Las Vegas Sands,Consumer Discretionary,Casinos & Gaming,Published,,,
LSCC,Lattice Semiconductor,Information Technology,Semiconductors,Published,,,
LEA,Lear,Consumer Discretionary,Automotive Parts & Equipment,Published,,,
LDOS,Leidos,Industrials,Diversified Support Services,Published,,,
LEN,Lennar,Consumer Discretionary,Homebuilding,Published,,,
LII,Lennox International,Industrials,Building Products,Published,,,
LLY,Lilly (Eli),Health Care,Pharmaceuticals,Published,,,
LECO,Lincoln Electric,Industrials,Industrial Machinery & Supplies & Components,Published,,,
LIN,Linde plc,Materials,Industrial Gases,Published,,,
LAD,Lithia Motors,Consumer Discretionary,Automotive Retail,Published,,,
LFUS,Littelfuse,Information Technology,Electronic Components,Published,,,
LIVN,LivaNova,Health Care,Health Care Equipment,Published,,,
LMT,Lockheed Martin,Industrials,Aerospace & Defense,Published,,,
L,Loews Corporation,Financials,Multi-line Insurance,Published - rating suspended,,"analyst review hold since 2026-09-19 — forward P/E input defect (D-321): fwd_eps is declared as price/ForwardPE, so the published multiple is price divided by a ratio. Held until sp500_author re-derives the calibration from a sound EPS. Owner decision 2026-09-19.",D-321
LPX,Louisiana-Pacific,Industrials,Building Products,Published,,,
LOW,Lowe's,Consumer Discretionary,Home Improvement Retail,Published,,,
LULU,Lululemon Athletica,Consumer Discretionary,"Apparel, Accessories & Luxury Goods",Published,,,
LITE,Lumentum,Information Technology,Communications Equipment,Published,,,
LYB,LyondellBasell,Materials,Specialty Chemicals,Published,,,
MTB,M&T Bank,Financials,Regional Banks,Published,,,
MTSI,MACOM Technology Solutions,Information Technology,Semiconductors,Published,,,
M,Macy's,Consumer Discretionary,Broadline Retail,Published,,,
MANH,Manhattan Associates,Information Technology,Application Software,Published,,,
CART,Maplebear Inc.,Consumer Staples,Food Retail,Published,,,
MPC,Marathon Petroleum,Energy,Oil & Gas Refining & Marketing,Published,,,
MAR,Marriott International,Consumer Discretionary,"Hotels, Resorts & Cruise Lines",Published,,,
MRSH,Marsh McLennan,Financials,Insurance Brokers,Published,,,
MLM,Martin Marietta Materials,Materials,Construction Materials,Published,,,
MRVL,Marvell Technology,Information Technology,Semiconductors,Published,,,
MAS,Masco,Industrials,Building Products,Published,,,
MTZ,MasTec,Industrials,Construction & Engineering,Published,,,
MA,Mastercard,Financials,Transaction & Payment Processing Services,Published,,,
MTDR,Matador Resources,Energy,Oil & Gas Exploration & Production,Published,,,
MAT,Mattel,Consumer Discretionary,Leisure Products,Published,,,
MMS,Maximus Inc.,Industrials,Data Processing & Outsourced Services,Published - rating suspended,,"forward EPS is contradicted by consensus (D-324, owner's >=2x rule confirmed 2026-09-21): the calibration target 3.04 against an FY+1 consensus of 8.44 for FY ending 2026-09-30, a 2.8x gap with the house figure below consensus. guided_eps is calibrate_opex's TARGET, so the published rating, price target and PWEV are all fitted to it. Held pending a re-derivation that pairs the EPS with a multiple from the same source (D-358).",D-324;D-358
MKC,McCormick & Company,Consumer Staples,Packaged Foods & Meats,Published,,,
MCD,McDonald's,Consumer Discretionary,Restaurants,Published,,,
MCK,McKesson Corporation,Health Care,Health Care Distributors,Published,,,
MEDP,Medpace,Health Care,Life Sciences Tools & Services,Published,,,
MDT,Medtronic,Health Care,Health Care Equipment,Published,,,
MRK,Merck & Co.,Health Care,Pharmaceuticals,Published,,,
META,Meta Platforms,Communication Services,Interactive Media & Services,Published,,,
MET,MetLife,Financials,Life & Health Insurance,Published,,,
MTD,Mettler Toledo,Health Care,Life Sciences Tools & Services,Published,,,
MTG,MGIC Investment Corporation,Financials,Reinsurance,Published,,,
MGM,MGM Resorts,Consumer Discretionary,Casinos & Gaming,Published,,,
MCHP,Microchip Technology,Information Technology,Semiconductors,Published,,,
MU,Micron Technology,Information Technology,Semiconductors,Published - rating suspended,,"forward EPS is contradicted by consensus (D-324, owner's >=2x rule confirmed 2026-09-21): the calibration target 28.0 against an FY+1 consensus of 156.07 for FY ending 2027-08-31, a 5.6x gap with the house figure below consensus. guided_eps is calibrate_opex's TARGET, so the published rating, price target and PWEV are all fitted to it. Held pending a re-derivation that pairs the EPS with a multiple from the same source (D-358).",D-324;D-358
MSFT,Microsoft,Information Technology,Systems Software,Published,,,
MAA,Mid-America Apartment Communities,Real Estate,Multi-Family Residential REITs,Published,,,
MIDD,Middleby,Industrials,Industrial Machinery & Supplies & Components,Published,,,
MKSI,MKS Instruments,Information Technology,Semiconductor Materials & Equipment,Published,,,
TAP,Molson Coors Beverage Company,Consumer Staples,Brewers,Published,,,
MDLZ,Mondelez International,Consumer Staples,Packaged Foods & Meats,Published,,,
MPWR,Monolithic Power Systems,Information Technology,Semiconductors,Published,,,
MCO,Moody's Corporation,Financials,Financial Exchanges & Data,Published,,,
MOG.A,Moog Inc.,Industrials,Aerospace & Defense,Published,,,
MS,Morgan Stanley,Financials,Investment Banking & Brokerage,Published,,,
MORN,"Morningstar, Inc.",Financials,Financial Exchanges & Data,Published,,,
MOS,Mosaic Company (The),Materials,Fertilizers & Agricultural Chemicals,Published - rating suspended,,"forward EPS is contradicted by consensus (D-324, owner's >=2x rule confirmed 2026-09-21): the calibration target 0.98 against an FY+1 consensus of 0.37 for FY ending 2026-12-31, a 2.6x gap with the house figure above consensus. guided_eps is calibrate_opex's TARGET, so the published rating, price target and PWEV are all fitted to it. Held pending a re-derivation that pairs the EPS with a multiple from the same source (D-358).",D-324;D-358
MSI,Motorola Solutions,Information Technology,Communications Equipment,Published,,,
MSA,MSA Safety,Industrials,Office Services & Supplies,Published,,,
MSM,MSC Industrial Direct,Industrials,Trading Companies & Distributors,Published,,,
MSCI,MSCI Inc.,Financials,Financial Exchanges & Data,Published,,,
MLI,Mueller Industries,Industrials,Industrial Machinery & Supplies & Components,Published,,,
MUR,Murphy Oil,Energy,Oil & Gas Exploration & Production,Published,,,
MUSA,Murphy USA,Consumer Discretionary,Automotive Retail,Published,,,
NDAQ,"Nasdaq, Inc.",Financials,Financial Exchanges & Data,Published,,,
NFG,National Fuel Gas,Utilities,Gas Utilities,Published,,,
NTAP,NetApp,Information Technology,"Technology Hardware, Storage & Peripherals",Published,,,
NFLX,Netflix,Communication Services,Movies & Entertainment,Published,,,
NBIX,Neurocrine Biosciences,Health Care,Biotechnology,Published,,,
NJR,New Jersey Resources,Utilities,Gas Utilities,Published,,,
NYT,New York Times Company,Communication Services,Publishing,Published,,,
NEU,NewMarket Corporation,Materials,Specialty Chemicals,Published,,,
NEM,Newmont,Materials,Gold,Published,,,
NWSA,News Corp (Class A),Communication Services,Publishing,Published,,,
NXST,Nexstar Media Group,Communication Services,Broadcasting,Published,,,
NEE,NextEra Energy,Utilities,Multi-Utilities,Published,,,
NXT,Nextpower,Industrials,Electrical Components & Equipment,Published,,,
NKE,"Nike, Inc.",Consumer Discretionary,"Apparel, Accessories & Luxury Goods",Published,,,
NI,NiSource,Utilities,Multi-Utilities,Published,,,
NNN,NNN Reit,Real Estate,Retail REITs,Published,,,
NDSN,Nordson Corporation,Industrials,Industrial Machinery & Supplies & Components,Published,,,
NSC,Norfolk Southern,Industrials,Rail Transportation,Published,,,
NTRS,Northern Trust,Financials,Asset Management & Custody Banks,Published,,,
NOC,Northrop Grumman,Industrials,Aerospace & Defense,Published,,,
NWE,NorthWestern Energy,Utilities,Multi-Utilities,Published,,,
NCLH,Norwegian Cruise Line Holdings,Consumer Discretionary,"Hotels, Resorts & Cruise Lines",Published,,,
NOV,NOV Inc.,Energy,Oil & Gas Equipment & Services,Published,,,
NOVT,Novanta,Information Technology,Electronic Equipment & Instruments,Published - rating suspended,,"the multiple is anchored to a vendor forward P/E (D-358): guided_eps 4.14 is FY+1 consensus, but pe_mean 12 is the vendor ForwardPE 8.39 clamped up to the archetype floor, against a trailing P/E of 106.2 and a price-implied multiple of 39.4x on that EPS. The 2026-08-07 re-author replaced the EPS and kept the multiple (sp500_author.py:134,143). Its bull scenario, 87.90, sits below the 163.32 it was authored at. Owner decision 2026-09-21.",D-358
NRG,NRG Energy,Utilities,Independent Power Producers & Energy Traders,Published,,,
NUE,Nucor,Materials,Steel,Published,,,
NTNX,Nutanix,Information Technology,Systems Software,Published,,,
NVT,nVent Electric plc,Industrials,Electrical Components & Equipment,Published,,,
NVDA,Nvidia,Information Technology,Semiconductors,Published,,,
NVR,"NVR, Inc.",Consumer Discretionary,Homebuilding,Published,,,
NXPI,NXP Semiconductors,Information Technology,Semiconductors,Published,,,
ORLY,O’Reilly Automotive,Consumer Discretionary,Automotive Retail,Published,,,
OXY,Occidental Petroleum,Energy,Oil & Gas Exploration & Production,Published,,,
OGE,OGE Energy,Utilities,Multi-Utilities,Published,,,
OKTA,"Okta, Inc.",Information Technology,Application Software,Published,,,
ODFL,Old Dominion,Industrials,Cargo Ground Transportation,Published,,,
ONB,Old National Bank,Financials,Regional Banks,Published,,,
ORI,Old Republic International,Financials,Property & Casualty Insurance,Published,,,
OLN,Olin Corporation,Materials,Diversified Chemicals,Published,,,
OLLI,Ollie's Bargain Outlet,Consumer Discretionary,Broadline Retail,Published,,,
OHI,Omega Healthcare Investors,Real Estate,Health Care REITs,Published - rating suspended,,"analyst review hold since 2026-10-02 — FFO input below the filed figure (D-546): the model's FFO per share is about 12% below the FY2025 Nareit FFO per share that Omega Healthcare Investors reports, so its P/FFO and fair value rest on the wrong earnings base. Held until FFO/AFFO per share is taken from the filed reconciliation with period and basis stated.",D-546
OMC,Omnicom Group,Communication Services,Advertising,Published,,,
ON,ON Semiconductor,Information Technology,Semiconductors,Published,,,
OGS,One Gas,Utilities,Gas Utilities,Published,,,
OKE,Oneok,Energy,Oil & Gas Storage & Transportation,Published,,,
ONTO,Onto Innovation,Information Technology,Semiconductor Materials & Equipment,Published,,,
OPCH,Option Care Health,Health Care,Health Care Facilities,Published,,,
ORCL,Oracle Corporation,Information Technology,Application Software,Published,,,
ORA,Ormat Technologies,Utilities,Renewable Electricity,Published - rating suspended,,"valuation method is recorded as unsuitable (D-454): Ormat Technologies — premium geothermal renewable IPP that structurally trades 30–55x on its growth story; ipp_power band caps its 54.6x fwd P/E → target $49 BELOW the 52-week low ($84) vs Street $134 (+29%), P(>current) 5.5%. Premium-growth lens break — needs a growth-appropriate renewable multiple.",D-454
OSK,Oshkosh,Industrials,Construction Machinery & Heavy Transportation Equipment,Published,,,
OTIS,Otis Worldwide,Industrials,Industrial Machinery & Supplies & Components,Published,,,
OVV,Ovintiv,Energy,Oil & Gas Exploration & Production,Published,,,
OC,Owens Corning,Industrials,Building Products,Published,,,
PCAR,Paccar,Industrials,Construction Machinery & Heavy Transportation Equipment,Published,,,
PKG,Packaging Corporation of America,Materials,Paper & Plastic Packaging Products & Materials,Published,,,
PLTR,Palantir Technologies,Information Technology,Application Software,Published,,,
PANW,Palo Alto Networks,Information Technology,Systems Software,Published,,,
PSKY,Paramount Skydance Corporation,Communication Services,Movies & Entertainment,Published,,,
PK,Park Hotels & Resorts,Real Estate,Hotel & Resort REITs,Published,,,
PH,Parker Hannifin,Industrials,Industrial Machinery & Supplies & Components,Published,,,
PSN,Parsons Corporation,Industrials,Aerospace & Defense,Published,,,
PAYX,Paychex,Industrials,Human Resource & Employment Services,Published - rating suspended,,"analyst review hold since 2026-09-29 — revenue denominator understated (D-428): the config carries ~$4.0bn of total revenue against the FY2026 10-K's $6,512.0m, so an EBIT within 4% of the issuer's GAAP $2,510.5m is divided by a denominator 39% too small and publishes a 65% operating margin. The issuer's own figures are 38.6% GAAP and 43.2% adjusted. Held until the revenue basis is re-derived from the filing with its period, units and GAAP/non-GAAP label explicit; correcting it moves EBIT, the multiple, PWEV and the rating together.",D-428
PCTY,Paylocity,Industrials,Human Resource & Employment Services,Published,,,
PYPL,PayPal,Financials,Transaction & Payment Processing Services,Published,,,
PBF,PBF Energy,Energy,Oil & Gas Refining & Marketing,Published - rating suspended,,"forward EPS is contradicted by consensus (D-324, owner's >=2x rule confirmed 2026-09-21): the calibration target 5.33 against an FY+1 consensus of 16.92 for FY ending 2026-12-31, a 3.2x gap with the house figure below consensus. guided_eps is calibrate_opex's TARGET, so the published rating, price target and PWEV are all fitted to it. Held pending a re-derivation that pairs the EPS with a multiple from the same source (D-358).",D-324;D-358
PEGA,Pegasystems,Information Technology,Application Software,Published,,,
PAG,Penske Automotive Group,Consumer Discretionary,Automotive Retail,Published,,,
PNR,Pentair,Industrials,Industrial Machinery & Supplies & Components,Published,,,
PEN,"Penumbra, Inc.",Health Care,Health Care Equipment,Published - rating suspended,,valuation method is recorded as unsuitable (D-454): Penumbra — premium-growth neurovascular medtech that structurally trades 50–70x; medical_devices band caps it → −36% vs Street +14%. Structural-high-multiple lens break.,D-454
PEP,PepsiCo,Consumer Staples,Soft Drinks & Non-alcoholic Beverages,Published,,,
PFGC,Performance Food Group,Consumer Staples,Food Distributors,Published,,,
PR,Permian Resources,Energy,Oil & Gas Exploration & Production,Published,,,
PFE,Pfizer,Health Care,Pharmaceuticals,Published,,,
PCG,PG&E Corporation,Utilities,Multi-Utilities,Published,,,
PM,Philip Morris International,Consumer Staples,Tobacco,Published,,,
PSX,Phillips 66,Energy,Oil & Gas Refining & Marketing,Published,,,
PPC,Pilgrim's Pride,Consumer Staples,Packaged Foods & Meats,Published,,,
PNFP,Pinnacle Financial Partners,Financials,Regional Banks,Published,,,
PNW,Pinnacle West Capital,Utilities,Multi-Utilities,Published,,,
PINS,Pinterest,Communication Services,Interactive Home Entertainment,Published,,,
PLNT,Planet Fitness,Consumer Discretionary,Leisure Facilities,Published,,,
PNC,PNC Financial Services,Financials,Diversified Banks,Published,,,
PII,Polaris,Consumer Discretionary,Leisure Products,Published - rating suspended,,interest exceeds operating income (earnings anchor cannot carry an equity multiple),
POR,Portland General Electric,Utilities,Electric Utilities,Published,,,
POST,Post Holdings,Consumer Staples,Packaged Foods & Meats,Published,,,
PPG,PPG Industries,Materials,Specialty Chemicals,Published,,,
PPL,PPL Corporation,Utilities,Electric Utilities,Published,,,
PRI,Primerica,Financials,Life & Health Insurance,Published,,,
PFG,Principal Financial Group,Financials,Life & Health Insurance,Published,,,
PG,Procter & Gamble,Consumer Staples,Personal Care Products,Published,,,
PGR,Progressive Corporation,Financials,Property & Casualty Insurance,Published,,,
PLD,Prologis,Real Estate,Industrial REITs,Published,,,
PB,Prosperity Bancshares,Financials,Regional Banks,Published,,,
PRU,Prudential Financial,Financials,Life & Health Insurance,Published,,,
PTC,PTC Inc.,Information Technology,Application Software,Published,,,
PEG,Public Service Enterprise Group,Utilities,Electric Utilities,Published,,,
PSA,Public Storage,Real Estate,Self-Storage REITs,Published,,,
PHM,PulteGroup,Consumer Discretionary,Homebuilding,Published,,,
PVH,PVH Corp.,Consumer Discretionary,"Apparel, Accessories & Luxury Goods",Published,,,
Q,Qnity Electronics,Information Technology,Semiconductor Materials & Equipment,Published,,,
QCOM,Qualcomm,Information Technology,Semiconductors,Published,,,
QLYS,Qualys,Information Technology,Systems Software,Published,,,
PWR,Quanta Services,Industrials,Construction & Engineering,Published,,,
DGX,Quest Diagnostics,Health Care,Health Care Services,Published,,,
RL,Ralph Lauren Corporation,Consumer Discretionary,"Apparel, Accessories & Luxury Goods",Published,,,
RMBS,Rambus,Information Technology,Semiconductors,Published,,,
RRC,Range Resources,Energy,Oil & Gas Exploration & Production,Published,,,
RJF,Raymond James Financial,Financials,Investment Banking & Brokerage,Published,,,
RYN,Rayonier,Real Estate,Timber REITs,Published,,,
RBA,RB Global,Industrials,Diversified Support Services,Published,,,
RBC,RBC Bearings,Industrials,Industrial Machinery & Supplies & Components,Published,,,
O,Realty Income,Real Estate,Retail REITs,Published,,,
RRX,Regal Rexnord,Industrials,Electrical Components & Equipment,Published,,,
REG,Regency Centers,Real Estate,Retail REITs,Published,,,
REGN,Regeneron Pharmaceuticals,Health Care,Biotechnology,Published,,,
RF,Regions Financial Corporation,Financials,Regional Banks,Published,,,
RGA,Reinsurance Group of America,Financials,Reinsurance,Published,,,
RS,"Reliance, Inc.",Materials,Steel,Published,,,
RNR,RenaissanceRe,Financials,Reinsurance,Published,,,
RGEN,Repligen,Health Care,Biotechnology,Published,,,
RSG,Republic Services,Industrials,Environmental & Facilities Services,Published,,,
RMD,ResMed,Health Care,Health Care Equipment,Published,,,
RVTY,Revvity,Health Care,Health Care Equipment,Published,,,
REXR,Rexford Industrial Realty,Real Estate,Industrial REITs,Published,,,
RH,RH,Consumer Discretionary,Homefurnishing Retail,Published,,,
RLI,RLI Corp.,Financials,Property & Casualty Insurance,Published,,,
HOOD,Robinhood Markets,Financials,Investment Banking & Brokerage,Published,,,
ROK,Rockwell Automation,Industrials,Electrical Components & Equipment,Published,,,
ROKU,"Roku, Inc.",Communication Services,Movies & Entertainment,Published - rating suspended,,"valuation method is recorded as unsuitable (D-454): Roku — hyper-growth streaming PLATFORM mis-fit to the media_legacy archetype (built for declining legacy media); emerging EPS at 62x fwd P/E → band overcompresses to target $51 BELOW the 52-week low ($79) vs Street $158 (+10%), P(>current) 1.2%. Wrong-archetype + hyper-PE lens break — needs a growth/platform lens.",D-454
ROL,"Rollins, Inc.",Industrials,Environmental & Facilities Services,Published,,,
ROP,Roper Technologies,Information Technology,Electronic Equipment & Instruments,Published,,,
ROST,Ross Stores,Consumer Discretionary,Apparel Retail,Published,,,
RCL,Royal Caribbean Group,Consumer Discretionary,"Hotels, Resorts & Cruise Lines",Published,,,
RGLD,Royal Gold,Materials,Gold,Published - rating suspended,,"analyst review hold since 2026-10-01 — calibration failure (D-505): the earnings target cannot be reached on the model's revenue base, so the opex calibration stops at its floor and the model margin (about 87%) exceeds the company's filed operating margin (about 64%). Held until the revenue base and earnings target are reconciled to the same period from the filings.",D-505
RPM,RPM International,Materials,Specialty Chemicals,Published,,,
RTX,RTX Corporation,Industrials,Aerospace & Defense,Published,,,
RYAN,Ryan Specialty,Financials,Insurance Brokers,Published,,,
R,Ryder,Industrials,Cargo Ground Transportation,Published,,,
SPGI,S&P Global,Financials,Financial Exchanges & Data,Published,,,
SBRA,Sabra Health Care REIT,Real Estate,Health Care REITs,Published,,,
SAIA,Saia,Industrials,Cargo Ground Transportation,Published,,,
CRM,Salesforce,Information Technology,Application Software,Published,,,
SANM,Sanmina Corporation,Information Technology,Electronic Manufacturing Services,Published,,,
SBAC,SBA Communications,Real Estate,Telecom Tower REITs,Published,,,
SLB,Schlumberger,Energy,Oil & Gas Equipment & Services,Published,,,
SAIC,Science Applications Intl Corp,Industrials,Diversified Support Services,Published,,,
SMG,Scotts Miracle-Gro Company,Materials,Fertilizers & Agricultural Chemicals,Published,,,
STX,Seagate Technology,Information Technology,"Technology Hardware, Storage & Peripherals",Published - rating suspended,,valuation method is recorded as unsuitable (D-454): no vendor estimates; overview fwd_eps 36.08 internally impossible (2026-08-07),D-454
SEIC,SEI Investments Company,Financials,Asset Management & Custody Banks,Published,,,
SIGI,Selective Insurance Group,Financials,Property & Casualty Insurance,Published,,,
SRE,Sempra,Utilities,Multi-Utilities,Published,,,
SMTC,Semtech,Information Technology,Semiconductors,Published,,,
ST,Sensata Technologies,Industrials,Electrical Components & Equipment,Published,,,
SCI,Service Corp Intl,Consumer Discretionary,Specialized Consumer Services,Published,,,
NOW,ServiceNow,Information Technology,Systems Software,Published,,,
SN,SharkNinja,Consumer Discretionary,Household Appliances,Published,,,
SHW,Sherwin-Williams,Materials,Specialty Chemicals,Published,,,
FOUR,Shift4,Financials,Transaction & Payment Processing Services,Published,,,
SLGN,Silgan Holdings,Materials,"Metal, Glass & Plastic Containers",Published,,,
SLAB,Silicon Labs,Information Technology,Semiconductors,Published - rating suspended,pending,pending acquisition by Texas Instruments Incorporated ($231 cash),
SPG,Simon Property Group,Real Estate,Retail REITs,Published,,,
SSD,Simpson Manufacturing,Industrials,Building Products,Published,,,
SIRI,SiriusXM,Communication Services,Broadcasting,Published,,,
SITM,SiTime,Information Technology,Semiconductors,Published - rating suspended,,valuation method is recorded as unsuitable (D-454): SiTime — hyper-growth MEMS timing; model −26% vs Street +51% (−51% gap). PE lens strains on a 40%+ grower — needs a growth-appropriate lens.,D-454
SWKS,Skyworks Solutions,Information Technology,Semiconductors,Published,,,
SLM,SLM Corp,Financials,Consumer Finance,Published,,,
SW,Smurfit Westrock,Materials,Paper & Plastic Packaging Products & Materials,Published,,,
SNAP,Snap Inc.,Communication Services,Interactive Media & Services,Published,,,
SNA,Snap-on,Industrials,Industrial Machinery & Supplies & Components,Published,,,
SOLS,Solstice Advanced Materials,Materials,Specialty Chemicals,Published,,,
SOLV,Solventum,Health Care,Health Care Technology,Published,,,
SGI,Somnigroup International,Consumer Discretionary,Home Furnishings,Published,,,
SON,Sonoco,Materials,Paper & Plastic Packaging Products & Materials,Published,,,
SHC,Sotera Health,Health Care,Health Care Services,Published,,,
SSB,South State Bank,Financials,Regional Banks,Published,,,
SO,Southern Company,Utilities,Electric Utilities,Published,,,
LUV,Southwest Airlines,Industrials,Passenger Airlines,Published,,,
SWX,Southwest Gas Corp,Utilities,Gas Utilities,Published,,,
SPCX,Space Exploration Technologies Corp. Class A Common Stock,Communication Services,Alternative Carriers,Published,,,
SR,Spire,Utilities,Gas Utilities,Published,,,
SFM,Sprouts Farmers Market,Consumer Staples,Food Retail,Published,,,
SPXC,SPX Technologies,Industrials,Industrial Machinery & Supplies & Components,Published,,,
STAG,STAG Industrial,Real Estate,Industrial REITs,Published,,,
SARO,StandardAero,Industrials,Aerospace & Defense,Published,,,
SWK,Stanley Black & Decker,Industrials,Industrial Machinery & Supplies & Components,Published,,,
SBUX,Starbucks,Consumer Discretionary,Restaurants,Published,,,
STWD,Starwood Property Trust,Financials,Mortgage REITs,Published,,,
STT,State Street Corporation,Financials,Asset Management & Custody Banks,Published,,,
STLD,Steel Dynamics,Materials,Steel,Published,,,
STE,Steris,Health Care,Health Care Equipment,Published,,,
STRL,Sterling Infrastructure,Industrials,Construction & Engineering,Published,,,
SF,Stifel,Financials,Investment Banking & Brokerage,Published,,,
SYK,Stryker Corporation,Health Care,Health Care Equipment,Published,,,
SMCI,Supermicro,Information Technology,"Technology Hardware, Storage & Peripherals",Published,,,
SYNA,Synaptics,Information Technology,Semiconductors,Published,,,
SYF,Synchrony Financial,Financials,Consumer Finance,Published,,,
SNPS,Synopsys,Information Technology,Application Software,Published,,,
SYY,Sysco,Consumer Staples,Food Distributors,Published,,,
TMUS,T-Mobile US,Communication Services,Wireless Telecommunication Services,Published,,,
TROW,T. Rowe Price,Financials,Asset Management & Custody Banks,Published,,,
TTWO,Take-Two Interactive,Communication Services,Interactive Home Entertainment,Published - rating suspended,,"forward EPS is contradicted by consensus (D-324, owner's >=2x rule confirmed 2026-09-21): the calibration target 7.16 against an FY+1 consensus of 2.05 for FY ending 2027-03-31, a 3.5x gap with the house figure above consensus. guided_eps is calibrate_opex's TARGET, so the published rating, price target and PWEV are all fitted to it. Held pending a re-derivation that pairs the EPS with a multiple from the same source (D-358).",D-324;D-358
TLN,Talen Energy,Utilities,Independent Power Producers & Energy Traders,Published,,,
TPR,"Tapestry, Inc.",Consumer Discretionary,"Apparel, Accessories & Luxury Goods",Published,,,
TRGP,Targa Resources,Energy,Oil & Gas Storage & Transportation,Published,,,
TGT,Target Corporation,Consumer Staples,Consumer Staples Merchandise Retail,Published,,,
SNX,TD Synnex,Information Technology,Technology Distributors,Published,,,
TEL,TE Connectivity,Information Technology,Electronic Manufacturing Services,Published,,,
FTI,TechnipFMC,Energy,Oil & Gas Equipment & Services,Published,,,
TDY,Teledyne Technologies,Information Technology,Electronic Equipment & Instruments,Published,,,
THC,Tenet Health,Health Care,Health Care Facilities,Published,,,
TER,Teradyne,Information Technology,Semiconductor Materials & Equipment,Published,,,
TEX,Terex,Industrials,Construction Machinery & Heavy Transportation Equipment,Published,,,
TSLA,"Tesla, Inc.",Consumer Discretionary,Automobile Manufacturers,Published,,,
TTEK,Tetra Tech,Industrials,Construction & Engineering,Published,,,
TCBI,Texas Capital Bancshares,Financials,Regional Banks,Published,,,
TXN,Texas Instruments,Information Technology,Semiconductors,Published,,,
TPL,Texas Pacific Land Corporation,Energy,Oil & Gas Exploration & Production,Published - rating suspended,,"analyst review hold since 2026-10-02 — earnings target and revenue base on different periods (D-545): the model's EPS target sits above the report's own consensus and the latest run-rate while its revenue base is above trailing revenue, so the opex calibration solves to costs of about 2% of revenue against filed costs of 22-26%, and the model margin it prints as an operating margin is well above any operating margin Texas Pacific Land files (74-78%). Held until revenue, growth and the earnings target are re-derived on one stated period from the filings.",D-545
TXRH,Texas Roadhouse,Consumer Discretionary,Restaurants,Published,,,
TXT,Textron,Industrials,Aerospace & Defense,Published,,,
MZTI,The Marzetti Company,Consumer Staples,Packaged Foods & Meats,Published - rating suspended,,"forward EPS is contradicted by consensus (D-324, owner's >=2x rule confirmed 2026-09-21): the calibration target 3.06 against an FY+1 consensus of 6.73 for FY ending 2027-06-30, a 2.2x gap with the house figure below consensus. guided_eps is calibrate_opex's TARGET, so the published rating, price target and PWEV are all fitted to it. Held pending a re-derivation that pairs the EPS with a multiple from the same source (D-358).",D-324;D-358
TMO,Thermo Fisher Scientific,Health Care,Life Sciences Tools & Services,Published,,,
THO,Thor Industries,Consumer Discretionary,Leisure Products,Published,,,
TKR,Timken,Industrials,Industrial Machinery & Supplies & Components,Published,,,
TJX,TJX Companies,Consumer Discretionary,Apparel Retail,Published,,,
TKO,TKO Group Holdings,Communication Services,Movies & Entertainment,Published,,,
TOL,Toll Brothers,Consumer Discretionary,Homebuilding,Published,,,
TTC,Toro,Industrials,Agricultural & Farm Machinery,Published,,,
TSCO,Tractor Supply,Consumer Discretionary,Other Specialty Retail,Published,,,
TTD,Trade Desk (The),Communication Services,Advertising,Published,,,
TT,Trane Technologies,Industrials,Building Products,Published,,,
TDG,TransDigm Group,Industrials,Aerospace & Defense,Published,,,
TRU,TransUnion,Industrials,Research & Consulting Services,Published,,,
TNL,Travel + Leisure Co.,Consumer Discretionary,"Hotels, Resorts & Cruise Lines",Published,,,
TRV,Travelers Companies (The),Financials,Property & Casualty Insurance,Published,,,
TREX,Trex,Industrials,Building Products,Published,,,
TRMB,Trimble Inc.,Information Technology,Application Software,Published,,,
TFC,Truist Financial,Financials,Diversified Banks,Published,,,
TTMI,TTM Technologies,Information Technology,Electronic Manufacturing Services,Published - rating suspended,,"forward EPS is contradicted by consensus (D-324): the calibration target 23.7 against an FY+1 consensus of 4.85 for FY ending 2026-12-31, a 4.9x gap — beyond the 3x at which sp500_pull._fwd_eps_checked holds neither source usable. guided_eps is calibrate_opex's TARGET, so the published BUY, its price target and PWEV are all fitted to that figure. Held pending an sp500_author re-derivation. Owner decision 2026-09-20.",D-324
TWLO,Twilio,Information Technology,Systems Software,Published,,,
TXNM,TXNM Energy,Utilities,Electric Utilities,Published - rating suspended,pending,pending acquisition by Blackstone Infrastructure Partners L.P. (via Troy ParentCo LLC) ($61.25 cash),
TYL,Tyler Technologies,Information Technology,Application Software,Published,,,
TSN,Tyson Foods,Consumer Staples,Packaged Foods & Meats,Published,,,
USB,U.S. Bancorp,Financials,Diversified Banks,Published,,,
UBER,Uber,Industrials,Passenger Ground Transportation,Published,,,
UDR,"UDR, Inc.",Real Estate,Multi-Family Residential REITs,Published,,,
UFPI,UFP Industries,Industrials,Building Products,Published,,,
UGI,UGI Corp,Utilities,Gas Utilities,Published,,,
PATH,UiPath,Information Technology,Systems Software,Published,,,
ULS,UL Solutions,Industrials,Research & Consulting Services,Published,,,
ULTA,Ulta Beauty,Consumer Discretionary,Other Specialty Retail,Published,,,
UMBF,UMB Financial Corp.,Financials,Regional Banks,Published,,,
UNP,Union Pacific Corporation,Industrials,Rail Transportation,Published,,,
UAL,United Airlines Holdings,Industrials,Passenger Airlines,Published,,,
UBSI,United Bankshares,Financials,Regional Banks,Published,,,
UPS,United Parcel Service,Industrials,Air Freight & Logistics,Published,,,
URI,United Rentals,Industrials,Trading Companies & Distributors,Published,,,
UTHR,United Therapeutics,Health Care,Biotechnology,Published,,,
UNH,UnitedHealth Group,Health Care,Managed Health Care,Published,,,
OLED,Universal Display,Information Technology,Semiconductors,Published,,,
UHS,Universal Health Services,Health Care,Health Care Facilities,Published,,,
UNM,Unum,Financials,Life & Health Insurance,Published,,,
USFD,US Foods,Consumer Staples,Food Distributors,Published,,,
MTN,Vail Resorts,Consumer Discretionary,"Hotels, Resorts & Cruise Lines",Published,,,
VAL,Valaris,Energy,Oil & Gas Drilling,Published,,,
VLO,Valero Energy,Energy,Oil & Gas Refining & Marketing,Published,,,
VLY,Valley Bank,Financials,Regional Banks,Published - rating suspended,,"rating contradicts its own fair value (a rating that implies upside, with a triangulated fair value below the share price)",
VMI,Valmont Industries,Industrials,Industrial Machinery & Supplies & Components,Published,,,
VVV,Valvoline,Consumer Discretionary,Automotive Retail,Published,,,
VEEV,Veeva Systems,Health Care,Health Care Technology,Published,,,
VTR,Ventas,Real Estate,Health Care REITs,Published,,,
VLTO,Veralto,Industrials,Environmental & Facilities Services,Published,,,
VRSN,Verisign,Information Technology,Internet Services & Infrastructure,Published,,,
VRSK,Verisk Analytics,Industrials,Research & Consulting Services,Published,,,
VZ,Verizon,Communication Services,Integrated Telecommunication Services,Published,,,
VRTX,Vertex Pharmaceuticals,Health Care,Biotechnology,Published,,,
VRT,Vertiv,Industrials,Electrical Components & Equipment,Published,,,
VFC,VF Corporation,Consumer Discretionary,"Apparel, Accessories & Luxury Goods",Published,,,
VTRS,Viatris,Health Care,Pharmaceuticals,Published,,,
VIAV,Viavi Solutions,Information Technology,Communications Equipment,Published,,,
VICI,Vici Properties,Real Estate,Hotel & Resort REITs,Published,,,
VICR,Vicor Corporation,Industrials,Electrical Components & Equipment,Published,,,
VNOM,Viper Energy,Energy,Oil & Gas Storage & Transportation,Published,,,
V,Visa Inc.,Financials,Transaction & Payment Processing Services,Published - rating suspended,,"analyst review hold since 2026-10-02 — owner decision: revenue base and earnings target on different periods (D-545). The model's revenue base is trailing revenue to March 2026 while its EPS target is a later fiscal year's, so the opex calibration solves to a model margin of about 82% that the report presents as an operating margin; Visa's filed non-GAAP operating margin is 67.7% for FY2025 and 66.7% for Q3 FY2026. Held until revenue, growth and the earnings target are re-derived on one stated period from the filings.",D-545
VC,Visteon,Consumer Discretionary,Automotive Parts & Equipment,Published,,,
VST,Vistra Corp.,Utilities,Electric Utilities,Published,,,
VNT,Vontier,Information Technology,Electronic Equipment & Instruments,Published,,,
VNO,Vornado Realty Trust,Real Estate,Office REITs,Published - rating suspended,,"analyst review hold since 2026-10-01 — FFO input includes property-sale gains (D-504): the model's FFO per share is about 2.6 times the FY2025 FFO of $2.42 per diluted share that Vornado reports in its 10-K, because the FFO proxy adds depreciation to net income without removing gains on sale. Held until FFO is re-derived from the filed FFO reconciliation.",D-504
VOYA,Voya Financial,Financials,Multi-Sector Holdings,Published,,,
VMC,Vulcan Materials Company,Materials,Construction Materials,Published,,,
WPC,W. P. Carey,Real Estate,Diversified REITs,Published,,,
WRB,W. R. Berkley Corporation,Financials,Property & Casualty Insurance,Published,,,
GWW,W. W. Grainger,Industrials,Industrial Machinery & Supplies & Components,Published,,,
WAB,Wabtec,Industrials,Construction Machinery & Heavy Transportation Equipment,Published,,,
WMT,Walmart,Consumer Staples,Consumer Staples Merchandise Retail,Published,,,
DIS,Walt Disney Company (The),Communication Services,Movies & Entertainment,Published,,,
WMG,Warner Music Group,Communication Services,Movies & Entertainment,Published,,,
WM,Waste Management,Industrials,Environmental & Facilities Services,Published,,,
WAT,Waters Corporation,Health Care,Life Sciences Tools & Services,Published,,,
WSO,Watsco,Industrials,Trading Companies & Distributors,Published,,,
WTS,Watts Water Technologies,Industrials,Building Products,Published,,,
WFRD,Weatherford International,Energy,Oil & Gas Equipment & Services,Published,,,
WEC,WEC Energy Group,Utilities,Electric Utilities,Published,,,
WFC,Wells Fargo,Financials,Diversified Banks,Published,,,
WELL,Welltower,Real Estate,Health Care REITs,Published,,,
WCC,WESCO International,Industrials,Trading Companies & Distributors,Published,,,
WST,West Pharmaceutical Services,Health Care,Health Care Supplies,Published,,,
WAL,Western Alliance Bancorporation,Financials,Regional Banks,Published,,,
WDC,Western Digital,Information Technology,"Technology Hardware, Storage & Peripherals",Published,,,
WLK,Westlake Corporation,Materials,Specialty Chemicals,Published,,,
WEX,WEX Inc.,Financials,Transaction & Payment Processing Services,Published,,,
WY,Weyerhaeuser,Real Estate,Timber REITs,Published,,,
WHR,Whirlpool Corporation,Consumer Discretionary,Household Appliances,Published,,,
WMB,Williams Companies,Energy,Oil & Gas Storage & Transportation,Published,,,
WSM,"Williams-Sonoma, Inc.",Consumer Discretionary,Homefurnishing Retail,Published,,,
WTW,Willis Towers Watson,Financials,Insurance Brokers,Published,,,
WING,Wingstop,Consumer Discretionary,Restaurants,Published,,,
WTFC,Wintrust Financial,Financials,Regional Banks,Published,,,
WWD,"Woodward, Inc.",Industrials,Electrical Components & Equipment,Published,,,
WDAY,"Workday, Inc.",Information Technology,Application Software,Published,,,
WH,Wyndham Hotels & Resorts,Consumer Discretionary,"Hotels, Resorts & Cruise Lines",Published,,,
WYNN,Wynn Resorts,Consumer Discretionary,Casinos & Gaming,Published,,,
XEL,Xcel Energy,Utilities,Multi-Utilities,Published,,,
XPO,"XPO, Inc.",Industrials,Cargo Ground Transportation,Published,,,
XYL,Xylem Inc.,Industrials,Industrial Machinery & Supplies & Components,Published,,,
YETI,Yeti Holdings,Consumer Discretionary,Leisure Products,Published,,,
YUM,Yum! Brands,Consumer Discretionary,Restaurants,Published,,,
ZBRA,Zebra Technologies,Information Technology,Electronic Equipment & Instruments,Published,,,
ZBH,Zimmer Biomet,Health Care,Health Care Equipment,Published,,,
ZION,Zions Bancorporation,Financials,Regional Banks,Published,,,
ZTS,Zoetis,Health Care,Pharmaceuticals,Published,,,
ZS,Zscaler Inc.,Information Technology,Systems Software,Published,,,
ACI,Albertsons Companies,Consumer Staples,Food Retail,Withdrawn archive,,Report page withdrawn (coverage ended),D-561
APH,Amphenol Corporation,Information Technology,Electronic Components,Withdrawn archive,,Report page withdrawn (coverage ended),D-561
MNST,Monster Beverage Corp,Consumer Staples,Soft Drinks & Non-alcoholic Beverages,Withdrawn archive,,Report page withdrawn (coverage ended),D-561
NSA,National Storage Affiliates Trust,Real Estate,Self-Storage REITs,Withdrawn archive,,Report page withdrawn (coverage ended),D-561
TMHC,Taylor Morn Home,Consumer Discretionary,Homebuilding,Withdrawn archive,,Report page withdrawn (coverage ended),D-561
BA,Boeing,Industrials,Aerospace & Defense,Deferred - no report,,Near-zero forward EPS; EPS x P/E cannot represent earnings normalisation (turnaround) (method),
BF.B,Brown-Forman,Consumer Staples,Distillers & Vintners,Deferred - no report,,Dual-class dot-ticker fetch failed; verify/author manually (data),
CHRD,Chord Energy,Energy,Oil & Gas Exploration & Production,Deferred - no report,,Vendor fundamentals gap (no fwd EPS/revenue/shares) (data),
CHTR,Charter Communications,Communication Services,Cable & Satellite,Deferred - no report,,Anomalous vendor forward P/E; verify forward EPS (data),
FISV,Fiserv,Financials,Transaction & Payment Processing Services,Deferred - no report,,Stale ticker (renamed FI); remap before authoring (identity),
KIM,Kimco Realty,Real Estate,Retail REITs,Deferred - no report,,FFO proxy (NI + D&A) negative for a profitable REIT; verify D&A (data/method),
LYV,Live Nation Entertainment,Communication Services,Movies & Entertainment,Deferred - no report,,EBITDA/FCF story with minimal GAAP EPS; needs EV/EBITDA treatment (method),
MP,MP Materials,Materials,Diversified Metals & Mining,Deferred - no report,,Breakeven rare-earth miner; EPS x P/E meaningless; EV/EBITDA or NAV lens (method),
MRNA,Moderna,Health Care,Biotechnology,Deferred - no report,,Negative TTM gross margin; pipeline recovery not representable by EPS x P/E (method),
ROIV,Roivant Sciences,Health Care,Biotechnology,Deferred - no report,,Pre-profit biotech holding company; no earnings lens applies (method),
SNDK,Sandisk,Information Technology,"Technology Hardware, Storage & Peripherals",Deferred - no report,,Vendor price x shares implies impossible market cap; verify (data),
WBD,Warner Bros. Discovery,Communication Services,Movies & Entertainment,Deferred - no report,,Near-zero forward EPS; EPS x P/E invalid; needs EV/EBITDA treatment (method),
